{"bmi_mae": 5.548826481588186, "bmi_cor": 0.15671581571000118, "age_mae": 7.771574429533083, "sex_auc": 0.9995726495726496, "model": "vgg16"}